City,Latitude,Longitude,Temperature (F),Humidity %,Cloudiness %,Wind Speed (mph)
Rosarito,32.33,-117.03,67.3,60,90,8.05
Aksarka,66.56,67.8,5.45,92,1,5.75
Saurimo,-9.66,20.39,66.81,67,28,1.81
Barrow,71.29,-156.79,12.2,78,1,13.87
George Town,5.41,100.34,82.02,88,20,2.24
Sur,22.57,59.53,75.78,71,12,7.09
Bredasdorp,-34.53,20.04,61.97,68,24,9.17
Atuona,-9.8,-139.03,82.33,79,15,14.97
New Norfolk,-42.78,147.06,63.34,55,20,5.82
Mataura,-46.19,168.86,64.99,65,21,1.01
Vaini,-21.2,-175.2,84.2,79,20,10.29
Tuktoyaktuk,69.45,-133.04,12.2,61,20,14.99
Armidale,-30.52,151.65,68.0,56,0,4.0
Cabo San Lucas,22.89,-109.91,73.87,60,75,6.93
Lebu,-37.62,-73.65,56.28,76,0,17.94
Kaiwaka,-36.17,174.45,72.9,56,79,5.01
Narsaq,60.92,-46.05,32.0,82,20,4.7
Mbini,1.57,9.61,80.6,100,40,4.7
Cape Town,-33.93,18.42,60.96,72,20,13.87
Kupang,-10.17,123.58,86.0,79,20,8.05
Castro,-24.79,-50.01,65.44,56,8,1.32
Rikitea,-23.12,-134.97,79.16,71,100,7.54
Gizo Government Station,-8.1,156.84,83.41,79,98,13.42
Punta Arenas,-53.15,-70.92,48.96,76,75,11.41
Cherskiy,68.75,161.3,5.23,91,56,10.02
Amoy,24.48,118.08,62.6,93,90,11.18
Lloydminster,53.28,-110.0,10.4,60,40,14.99
Qaanaaq,77.48,-69.36,5.88,87,95,6.24
Bengkulu,-3.8,102.27,78.06,79,100,3.85
East London,-33.02,27.91,68.81,80,100,19.1
Saint-Pierre,-21.34,55.48,70.7,83,5,6.93
Port Alfred,-33.59,26.89,61.0,98,79,5.99
Alofi,-19.06,-169.92,86.0,79,100,9.17
Hobart,-42.88,147.33,63.88,55,20,5.82
Itoman,26.12,127.67,67.17,88,75,25.28
Mogapi,-22.32,27.83,64.15,36,72,5.82
Upernavik,72.79,-56.15,-3.23,90,74,19.1
Iguape,-24.71,-47.56,72.45,90,1,6.46
Katsuura,35.13,140.3,53.98,93,75,10.29
Udachny,66.42,112.4,-2.2,77,26,11.18
Saldanha,-33.01,17.94,59.0,77,0,10.29
Thompson,55.74,-97.86,15.8,72,75,19.46
Mahébourg,-20.41,57.7,77.0,92,0,1.99
Hilo,19.73,-155.09,69.13,69,90,9.17
Vestmannaeyjar,63.44,-20.27,39.31,75,97,23.89
Cidreira,-30.18,-50.21,72.88,85,93,14.27
Manturovo,58.34,44.76,22.86,96,100,7.9
Carutapera,-1.2,-46.02,79.29,84,100,4.32
Carnarvon,-24.87,113.63,73.4,73,99,11.41
Ushuaia,-54.8,-68.3,48.2,76,40,5.82
Ancud,-41.87,-73.82,46.4,81,23,4.7
Esim,4.87,-2.24,80.82,88,87,7.2
Albany,42.6,-73.97,38.32,60,40,1.9
Khatanga,71.97,102.5,-7.47,91,54,8.34
Goderich,43.75,-81.72,42.51,87,94,10.67
Tromsø,69.65,18.96,25.59,73,20,6.93
Saint-Philippe,-21.36,55.77,70.25,83,2,6.93
Nizhneangarsk,55.78,109.55,31.08,76,88,11.79
Puerto Ayacucho,5.66,-67.62,89.6,49,40,4.7
Vikulovo,56.82,70.61,25.21,94,99,7.94
Magdalena,14.2,121.43,84.99,58,20,3.36
Bubaque,11.28,-15.83,79.68,69,36,10.4
Jalu,29.03,21.55,57.25,68,0,7.58
Mar del Plata,-38.0,-57.56,64.0,59,90,12.75
Puerto Ayora,-0.74,-90.35,80.85,78,20,10.29
Rajshahi,24.37,88.6,73.9,21,0,1.23
Kalmunai,7.42,81.82,77.83,73,42,5.5
Bundaberg,-24.85,152.35,82.4,54,75,8.05
Ribeira Grande,38.52,-28.7,57.34,69,97,30.78
Nísia Floresta,-6.09,-35.21,77.0,100,40,2.24
Cap Malheureux,-19.98,57.61,77.0,92,0,1.99
Snezhnogorsk,69.19,33.25,19.4,92,90,6.71
Port Elizabeth,-33.92,25.57,60.8,87,90,18.34
Qui Nhon,13.77,109.23,78.73,81,40,3.56
Busselton,-33.65,115.33,59.85,97,100,1.01
Hong Kong,22.29,114.16,65.53,82,40,6.93
Mbengwi,6.02,10.0,68.65,62,100,1.99
Rocha,-34.48,-54.33,63.19,90,60,8.9
Jamestown,42.1,-79.24,41.63,93,90,5.82
Ilulissat,69.22,-51.1,3.2,65,99,19.46
Fortuna,40.6,-124.16,53.33,66,90,9.17
Chkalovsk,56.76,43.24,24.39,92,90,11.18
Batagay-Alyta,67.8,130.41,0.48,77,83,1.59
Kiunga,-6.12,141.29,83.32,80,84,2.55
Katherine,-14.47,132.27,89.6,52,0,3.36
Vao,-22.67,167.48,74.86,76,50,17.29
Kushima,31.46,131.23,60.06,93,90,6.93
Aklavik,68.22,-135.01,17.6,34,5,12.75
Henties Bay,-22.12,14.28,57.0,91,0,1.01
Provideniya,64.38,-173.3,26.6,79,90,4.47
Ponta do Sol,32.67,-17.1,55.44,67,20,11.41
Noumea,-22.28,166.46,86.0,55,75,9.17
Carballo,43.21,-8.69,46.42,81,82,2.24
Avarua,-21.21,-159.78,87.8,79,75,9.17
Anjangaon,21.16,77.31,82.35,20,49,5.95
San Patricio,19.22,-104.7,82.4,78,5,11.41
Onega,63.91,38.14,23.58,91,100,15.48
Saint Paul Harbor,57.79,-152.41,37.4,44,20,9.17
Malanje,-9.54,16.34,65.71,68,2,2.1
Yellowknife,62.46,-114.35,10.2,32,40,9.17
Kahului,20.89,-156.47,71.78,69,40,18.34
Arraial do Cabo,-22.97,-42.03,77.0,88,75,4.7
Bambous Virieux,-20.34,57.76,77.0,92,0,1.99
Tasiilaq,65.61,-37.64,21.2,41,2,34.45
Marsh Harbour,26.54,-77.06,77.07,78,53,14.12
Srednekolymsk,67.45,153.68,9.34,89,25,2.8
Kavieng,-2.57,150.8,83.68,77,87,11.39
Abhā,18.22,42.51,59.85,67,19,5.82
Itatiaia,-22.5,-44.56,69.96,80,46,2.98
Geraldton,-28.77,114.6,69.53,64,91,9.17
Maridi,4.92,29.47,73.09,60,86,4.76
Dikson,73.51,80.55,-2.6,93,100,5.12
Sangar,63.92,127.47,21.0,96,100,5.17
Nikolskoye,59.7,30.79,30.11,86,90,8.95
Apastovo,55.2,48.51,33.8,86,75,15.66
Pisco,-13.7,-76.22,71.33,83,75,8.05
Bluff,-46.6,168.33,64.99,65,17,1.01
Cerqueira César,-23.04,-49.17,67.6,61,4,4.32
Longyan,25.11,117.02,60.04,71,38,3.29
Vitim,59.45,112.56,24.15,95,100,9.42
Husavik,66.04,-17.34,37.4,55,90,39.15
Hermanus,-34.42,19.23,60.42,83,41,11.72
Vila,42.03,-8.16,45.05,100,90,5.82
Hithadhoo,-0.6,73.08,83.53,67,64,8.86
Volot,57.93,30.7,27.52,93,100,13.44
Salalah,17.02,54.09,78.8,78,20,4.7
Tarakan,3.3,117.63,78.93,80,87,4.23
Ust'-Shonosha,61.15,41.34,17.19,91,12,5.17
Atar,20.52,-13.05,81.64,26,100,4.56
Twin Falls,42.56,-114.46,46.08,81,90,19.46
Nebug,44.17,39.0,48.02,81,7,6.31
Half Moon Bay,37.46,-122.43,62.96,55,20,16.11
Acaraú,-2.89,-40.12,78.08,89,95,7.47
Chokurdakh,70.63,147.92,-2.18,91,94,4.14
Tabou,4.42,-7.35,80.91,86,52,6.22
Yeppoon,-23.13,150.73,82.4,61,40,8.05
Lüderitz,-26.65,15.16,62.6,59,0,9.17
Bilibino,68.05,166.44,2.44,83,92,1.57
Xichang,27.9,102.26,53.74,32,9,2.55
Huinan,42.62,126.26,40.69,51,3,5.28
Poum,-20.23,164.02,78.12,76,55,14.85
Banff,51.18,-115.57,12.0,82,98,3.0
Yangi Marg`ilon,40.43,71.72,55.4,76,90,11.41
São Filipe,14.9,-24.5,73.09,81,94,7.25
Ambilobe,-13.2,49.05,76.05,89,60,1.81
Yulara,-25.24,130.99,75.2,69,78,6.93
Khani,41.96,42.96,48.2,76,0,10.29
Hasaki,35.73,140.83,55.78,100,90,6.93
Lorengau,-2.02,147.27,83.59,79,87,10.8
Vredendal,-31.67,18.5,54.61,80,0,1.92
Newala,-10.94,39.28,63.03,84,98,0.2
Mossamedes,-15.2,12.15,74.43,70,16,7.94
Novy Urengoy,66.08,76.63,11.21,93,90,8.72
‘Ewa Beach,21.32,-158.01,76.15,54,75,10.29
Makat,47.65,53.35,48.43,73,69,4.65
Bougouni,11.42,-7.48,83.44,17,21,2.33
Sitka,57.05,-135.33,36.84,44,20,8.05
Hargeisa,9.56,44.06,71.87,53,11,2.59
Flinders,-34.58,150.86,70.68,100,75,3.36
Bowen,-20.02,148.23,84.2,58,40,12.75
Saint George,37.1,-113.58,67.6,21,1,10.29
Dakar,14.69,-17.44,73.83,73,33,9.17
Abakaliki,6.32,8.12,81.28,79,98,3.24
Clyde River,70.47,-68.59,3.2,71,90,9.17
Amapá,1.0,-52.0,73.62,95,100,1.88
Torbay,47.67,-52.73,36.52,93,90,9.17
Yabrūd,33.97,36.66,49.28,66,40,11.41
Amalāpuram,16.58,82.02,74.48,92,2,1.28
Tual,-5.67,132.75,85.03,71,95,4.81
Itanagar,27.1,93.62,67.19,44,19,2.73
Iisalmi,63.56,27.19,32.0,96,41,11.41
Buala,-8.14,159.59,84.81,72,87,6.15
Balugo,12.58,121.44,81.28,76,71,9.26
Iqaluit,63.75,-68.51,-7.29,63,20,4.7
Butaritari,3.07,172.79,83.89,77,77,17.9
Chapais,49.78,-74.85,39.2,38,1,5.82
Leningradskiy,69.38,178.42,12.18,92,9,6.22
Nome,64.5,-165.41,24.91,92,90,5.82
Cavalcante,-13.8,-47.46,70.18,59,6,2.82
Hachinohe,40.5,141.5,54.14,71,75,6.93
Yumen,40.28,97.2,31.91,47,35,16.98
Kapaa,22.08,-159.32,77.14,65,1,12.75
San Quintín,30.48,-115.95,65.75,61,100,8.08
Saskylakh,71.92,114.08,-9.17,88,87,12.73
Kieta,-6.22,155.63,82.44,69,100,4.14
Namwala,-15.75,26.44,63.66,67,4,3.06
Taltal,-25.4,-70.48,66.94,70,5,3.53
Tuatapere,-46.13,167.68,64.99,65,23,1.01
Rawson,-43.3,-65.1,63.7,49,26,22.15
Dingle,11.0,122.67,81.55,74,82,10.69
Codrington,-38.27,141.97,63.36,63,46,6.85
Luwuk,-0.95,122.79,83.41,67,99,2.24
Tiksi,71.69,128.87,-1.48,89,100,4.03
Mhango,-3.28,32.85,66.42,68,78,2.01
Walla Walla,46.06,-118.34,46.31,56,20,14.99
Province of Mantua,45.17,10.78,38.79,71,32,8.05
Chok Chai,14.73,102.17,85.28,74,18,4.7
Beaumont,30.09,-94.1,62.82,67,1,4.7
Evensk,61.95,159.23,14.04,92,98,3.18
San Cristobal,7.77,-72.22,72.88,51,67,0.69
Sainte-Suzanne,-20.91,55.61,70.23,88,16,4.7
Churapcha,62.0,132.43,19.69,93,100,6.73
Namatanai,-3.67,152.43,83.23,73,95,8.81
Ust'-Omchug,61.15,149.63,13.05,83,82,5.26
Norman Wells,65.28,-126.83,15.8,47,5,19.46
Kaitangata,-46.28,169.85,57.0,83,14,8.99
Waingapu,-9.66,120.26,82.44,70,85,5.14
Diffa,13.32,12.61,90.64,24,90,7.11
Boyolangu,-8.12,111.89,79.0,81,94,0.43
Nanortalik,60.14,-45.24,32.86,88,26,15.26
Malinyi,-8.93,36.13,74.7,84,79,0.94
Moramanga,-18.93,48.2,65.39,73,67,0.89
Syamzha,60.02,41.06,13.96,93,0,3.31
Pacific Grove,36.62,-121.92,64.27,67,20,8.05
Souillac,-20.52,57.52,77.0,92,0,1.99
Cabedelo,-6.98,-34.83,78.8,88,20,2.24
Port Blair,11.67,92.75,80.82,75,38,7.92
Cartagena,10.4,-75.51,82.4,78,15,6.93
Antalaha,-14.9,50.28,78.33,84,50,6.64
Santo Antônio do Sudoeste,-26.07,-53.73,73.58,60,62,2.68
São Domingos,-13.4,-46.32,71.56,59,3,4.81
Nioro,13.35,-15.75,86.5,20,26,12.12
Nachingwea,-10.38,38.77,68.41,82,84,1.21
Dzilam González,21.28,-88.93,80.38,73,30,11.01
Gamba,-2.65,10.0,79.81,86,0,6.71
Olive Branch,34.96,-89.83,55.38,67,20,6.93
Amahai,-3.33,128.92,83.48,71,89,5.1
Izmalkovo,52.69,37.96,27.18,80,52,11.16
Pevek,69.7,170.31,2.95,91,33,3.04
Fairbanks,64.84,-147.72,25.75,35,1,6.93
Severo-Kuril'sk,50.68,156.12,35.98,85,100,15.59
Te Anau,-45.42,167.72,59.45,50,16,1.48
Baykit,61.67,96.37,10.33,90,41,2.28
Tagusao,9.19,117.81,82.06,75,15,6.13
Bandarbeyla,9.49,50.81,79.93,76,13,8.61
Saint-Joseph,-21.37,55.62,70.23,83,3,6.93
Esperance,-33.87,121.9,60.8,100,28,3.36
Kédougou,12.56,-12.17,91.4,29,56,4.7
Strezhevoy,60.73,77.59,32.0,91,100,6.71
Erenhot,43.65,111.98,31.17,41,0,6.33
Vostok,46.49,135.88,32.7,68,86,4.79
Khovd,48.01,91.64,18.81,61,0,3.76
Swan Hill,-35.34,143.55,75.99,47,30,3.0
Rahā,26.23,92.52,69.78,31,0,2.04
Limoeiro do Ajuru,-1.9,-49.38,75.92,96,99,1.52
Adrar,20.5,-10.07,79.54,16,100,6.55
Harvard,42.42,-88.61,37.58,75,90,11.41
Lithakia,37.72,20.83,49.44,93,20,3.36
Vila Franca do Campo,37.72,-25.43,55.4,62,20,13.87
Bereda,43.27,-7.54,44.56,81,81,2.24
Fomboni,-12.28,43.74,83.05,75,73,11.52
Mchinji,-13.8,32.88,57.97,65,3,2.37
Mollendo,-17.02,-72.01,71.17,74,100,3.96
Dickinson,29.46,-95.05,69.42,49,1,5.82
Saint Anthony,45.02,-93.22,47.7,42,1,4.7
Esil,51.96,66.4,23.92,91,93,12.03
Hervey Bay,-25.3,152.85,81.1,54,75,8.05
Maceió,-9.67,-35.74,77.0,94,40,2.24
Pangnirtung,66.15,-65.71,-20.49,76,31,4.41
Luang Prabang,19.89,102.13,71.6,68,20,0.87
Awjilah,29.11,21.29,56.84,70,0,7.54
Kamenka,51.32,42.77,29.84,88,3,12.59
Sambava,-14.27,50.17,77.27,88,63,3.29
Vallenar,-28.57,-70.76,66.85,51,75,0.49
Santa Fe,-31.63,-60.7,79.7,72,54,1.99
Santiago del Estero,-27.8,-64.26,72.88,88,94,5.03
Kiama,-34.68,150.87,70.41,100,75,3.36
Hirara,24.8,125.28,69.8,94,75,16.11
Airai,-8.93,125.41,68.5,59,81,2.35
Kyzyl-Suu,42.34,78.0,38.95,34,97,4.88
Lagoa,39.05,-27.98,57.42,69,98,30.44
Celestún,20.87,-90.4,80.17,76,3,14.83
Zyryanka,65.75,150.85,8.13,89,0,9.6
Padang,-0.95,100.35,78.3,74,84,3.69
Malinao,7.59,124.69,75.81,52,98,1.95
Valparaíso,-33.04,-71.63,61.68,63,39,10.11
Ulaangom,49.98,92.07,4.69,79,11,2.24
Springdale,36.19,-94.13,59.14,54,20,4.7
Tura,25.52,90.22,65.41,27,0,0.56
Nara,34.69,135.8,59.95,68,75,9.17
Coyhaique,-45.58,-72.07,50.0,61,40,3.36
Wuzhou,23.48,111.32,58.32,81,95,2.71
Nicoya,10.15,-85.45,84.15,49,2,14.99
Northam,51.03,-4.22,38.16,81,3,4.7
Westport,41.14,-73.36,41.95,70,90,10.29
Dourbali,11.81,15.86,81.95,22,50,1.48
Constitución,-35.33,-72.42,56.62,77,17,15.46
Rome,43.21,-75.46,43.38,75,90,5.82
North Bend,43.41,-124.22,49.46,70,40,8.05
Lavrentiya,65.58,-171.0,21.45,94,8,7.18
Kismayo,-0.36,42.55,83.66,78,14,9.86
Paamiut,61.99,-49.67,17.74,92,0,19.51
Ibrā’,22.69,58.53,71.96,67,51,2.91
Talnakh,69.49,88.4,12.2,85,75,17.9
Bethel,41.37,-73.41,42.21,56,90,5.82
Omboué,-1.57,9.26,79.52,87,45,6.2
Neiafu,-18.65,-173.98,84.2,83,75,6.93
Coffs Harbour,-30.3,153.13,75.78,73,90,11.41
Kawardha,22.02,81.25,78.73,29,3,3.62
La Tuque,47.43,-72.78,28.47,95,35,5.01
Zhuhai,22.28,113.57,64.87,88,40,16.11
Tselinnoye,53.08,85.67,23.4,91,0,3.53
Benxi,41.29,123.77,42.8,18,4,11.18
Lázaro Cárdenas,17.96,-102.2,82.56,61,0,7.25
Quang Ngai,15.12,108.8,77.61,82,22,6.15
Terrasini,38.15,13.08,52.68,87,40,5.82
Puerto del Rosario,28.5,-13.86,62.6,77,10,1.12
Ostrovnoy,68.05,39.51,21.34,94,100,19.08
Osakarovka,50.56,72.57,23.56,83,0,9.93
Pamanukan,-6.28,107.81,79.32,81,100,1.54
Ząbkowice Śląskie,50.59,16.81,23.88,85,3,1.12
Rio Grande,-32.03,-52.1,70.72,81,100,18.59
Shenjiamen,29.96,122.3,52.38,82,97,21.5
Kumul,42.8,93.45,41.83,39,0,13.71
Kargasok,59.06,80.86,29.39,95,100,11.7
Diu,20.71,70.98,73.9,61,0,11.9
Morgan City,29.7,-91.21,63.75,63,1,11.41
Broken Hill,-31.95,141.43,69.8,64,40,10.29
Bahía Blanca,-38.72,-62.27,61.12,88,99,13.42
Tazovsky,67.47,78.7,2.52,94,16,9.89
San Vicente,-26.62,-54.13,72.25,69,79,2.55
Klaksvík,62.23,-6.59,44.6,93,100,29.97
Pāvugada,14.1,77.27,70.75,39,2,6.08
Hofn,64.25,-15.21,38.08,73,43,12.75
Kenai,60.55,-151.26,31.17,93,1,8.05
Nosy Varika,-20.58,48.53,75.58,89,46,6.46
Gunnedah,-30.98,150.25,77.0,61,0,3.36
Mersing,2.43,103.84,73.4,100,20,6.93
Escanaba,45.75,-87.06,34.92,74,90,8.05
Miquelon,47.1,-56.38,36.88,97,82,15.35
Giaginskaya,44.86,40.07,42.19,83,8,1.88
Walvis Bay,-22.96,14.51,57.99,91,0,11.32
Dosso,13.05,3.19,88.27,14,18,5.73
Healdsburg,38.61,-122.87,61.29,55,90,8.05
Hurghada,27.26,33.81,73.4,35,5,6.93
Marawi,8.0,124.29,75.92,58,94,2.42
Zhangye,38.93,100.45,34.77,43,59,0.87
Tangwani,28.28,69.0,68.0,77,0,6.93
Ternate,0.8,127.4,82.62,79,95,5.26
Antofagasta,-23.65,-70.4,66.2,77,90,6.93
Smithers,54.78,-127.17,21.2,44,90,10.29
Māngrol,21.12,70.12,72.54,85,3,10.36
Broome,42.25,-75.83,41.83,86,90,3.36
Ust'-Kulom,61.69,53.69,18.86,95,98,4.85
Shrewsbury,52.71,-2.75,40.78,86,84,1.12
Mingguang,32.78,117.96,52.2,86,52,4.41
Uvalde,29.37,-99.77,74.08,26,1,8.05
Chissamba,-12.17,17.33,62.91,62,19,4.36
Rabo de Peixe,37.8,-25.58,55.4,62,20,13.87
Cairns,-16.92,145.77,81.9,66,75,11.41
Puerto Carreño,6.19,-67.49,89.6,49,40,4.7
Effium,6.63,8.06,81.36,77,100,6.38
Huilong,31.81,121.66,52.0,85,66,5.01
Ft. Pierce,27.45,-80.33,80.17,51,1,13.87
Road Town,18.42,-64.62,76.23,82,1,7.76
Laranja da Terra,-19.9,-41.06,72.28,81,22,3.0
Santa Maria,-29.68,-53.81,78.8,69,40,10.29
Lopburi,14.8,100.65,84.43,79,1,1.01
Koboko,3.41,30.96,68.38,54,71,0.83
Altay,47.87,88.12,28.38,48,0,9.24
Shimoda,34.67,138.95,53.85,100,75,20.8
Sunndalsøra,62.68,8.55,36.73,86,100,16.11
Jackson,42.42,-122.83,48.58,57,90,16.11
Balkhash,46.84,74.98,35.17,66,0,15.57
Hobyo,5.35,48.53,83.61,75,76,11.52
Sovetskiy,61.36,63.58,28.06,98,100,3.69
Sarangani,5.4,125.46,81.12,76,75,22.59
Yar-Sale,66.83,70.83,5.18,92,28,5.91
Haines Junction,60.75,-137.51,15.8,78,100,3.8
San Rafael,-34.62,-68.33,65.05,63,20,5.28
Naze,28.37,129.48,67.08,93,75,16.11
Barstow,34.9,-117.02,69.84,23,1,13.87
Vardø,70.37,31.11,27.95,92,100,19.1
Bath,51.38,-2.36,36.3,80,30,8.05
Anūpgarh,29.19,73.21,66.09,65,0,11.01
Buraidah,26.33,43.98,73.4,46,0,14.99
Chui,-33.7,-53.46,68.04,75,71,14.07
Coquimbo,-29.95,-71.34,59.0,93,60,4.7
Asău,46.43,26.4,26.31,63,19,3.36
Scarborough,54.28,-0.4,41.49,80,91,2.24
Presidencia Roque Sáenz Peña,-26.79,-60.44,77.32,80,100,5.97
Longyearbyen,78.22,15.64,-4.0,83,20,3.36
Talaya,61.38,152.75,12.09,80,70,5.3
Wanganui,-39.93,175.05,68.25,60,2,5.5
Sakaiminato,35.55,133.23,55.4,100,75,1.12
Krasnosel'kup,65.7,82.47,7.9,94,56,8.19
Fort Nelson,58.81,-122.7,15.8,47,20,2.24
Santa Cruz,30.42,-9.6,60.8,93,40,6.93
Villaviciosa,43.48,-5.44,45.18,87,40,6.93
Voznesen'ye,61.01,35.48,27.37,89,100,17.22
Mushie,-3.02,16.9,74.1,86,99,1.72
Sinnamary,5.38,-52.95,78.62,83,90,13.15
Olafsvik,64.89,-23.71,32.41,92,100,16.04
Khanpur,28.65,70.66,66.09,65,0,16.04
Shahumyan,39.94,44.57,46.4,75,41,2.24
Valdivia,-39.81,-73.25,53.44,81,0,8.88
Japura,-0.32,102.35,75.81,95,98,1.92
Anloga,5.79,0.9,82.4,83,20,8.05
Vrangel',42.73,133.08,43.25,68,100,9.48
Choix,26.71,-108.32,89.98,12,100,7.99
Xam Nua,20.42,104.04,65.64,64,23,2.73
Arona,28.1,-16.68,60.64,82,20,6.93
Tulagi,-9.1,160.15,83.59,74,83,2.68
Safonovo,55.15,33.22,26.47,77,42,8.34
Russell,32.35,-85.2,57.96,63,90,18.34
Mama,58.31,112.9,34.84,78,100,21.7
São João da Barra,-21.64,-41.05,76.91,82,15,8.43
Ixtapa,20.7,-105.2,77.88,74,20,11.41
Isangel,-19.55,169.27,86.0,79,75,16.26
Natal,-5.79,-35.21,77.0,100,40,2.24
Necochea,-38.55,-58.74,60.01,75,83,1.99
Kualakapuas,-3.01,114.39,78.91,84,80,2.08
São Cristóvão,-11.01,-37.21,82.4,74,20,8.05
Caucayá,-0.19,-74.78,71.96,93,100,1.77
Kachīry,53.07,76.1,27.95,91,0,8.37
Beloha,-25.17,45.05,69.84,88,25,10.74
Ruidoso,33.33,-105.67,58.87,15,1,8.05
Beringovskiy,63.05,179.32,32.23,93,88,18.84
Sindgi,16.92,76.23,81.27,24,38,5.82
Samarai,-10.62,150.67,79.99,82,100,7.87
Waddān,29.16,16.14,59.2,47,0,10.65
Jizan,17.33,42.67,80.6,83,27,3.87
Chimbote,-9.09,-78.58,74.14,76,40,7.45
Makakilo City,21.35,-158.09,76.05,69,40,12.75
Bontang,0.13,117.5,77.99,86,99,3.69
Plastun,44.76,136.29,43.25,62,99,8.12
Mbanza-Ngungu,-5.25,14.87,71.19,80,73,3.47
Dhidhdhoo,6.88,73.1,84.54,74,65,9.37
Faya,18.39,42.45,59.9,67,41,5.82
Seoul,37.57,126.98,52.84,34,75,3.36
Mehamn,71.04,27.85,27.23,91,100,18.45
Labuhan,-6.88,112.21,80.38,83,58,4.45
Tolaga Bay,-38.37,178.3,67.03,64,49,8.52
Kavaratti,10.57,72.64,82.9,75,0,13.15
Caravelas,-17.71,-39.25,78.35,87,47,7.9
Lethem,3.38,-59.8,84.9,56,96,7.99
Key West,24.56,-81.78,79.77,78,1,9.17
Kysyl-Syr,63.9,122.76,14.77,95,91,5.79
Vila Velha,-20.33,-40.29,78.39,88,75,3.36
Kaeo,-35.1,173.78,73.53,62,100,1.99
Kristianstad,56.03,14.15,38.86,86,89,13.87
Santa Cruz de la Sierra,-17.8,-63.17,78.8,88,69,5.82
Jesús María,-30.98,-64.09,69.82,88,75,2.24
Loukhi,66.08,33.04,24.58,97,100,7.99
Cockburn Town,21.46,-71.14,76.77,72,0,12.59
Ulaanbaatar,47.91,106.88,19.4,52,0,2.24
Rio Branco,-9.97,-67.81,77.0,100,40,2.24
Bambanglipuro,-7.95,110.28,78.33,81,93,2.46
Nevers,46.99,3.16,37.26,51,0,13.87
Yārāda,17.65,83.27,78.8,88,40,2.24
Kandrian,-6.22,149.55,85.3,68,57,8.9
Tepeapulco,19.78,-98.55,77.0,23,40,20.8
Tinglev,54.93,9.25,40.37,86,72,20.8
Mae Sot,16.72,98.57,73.4,94,40,0.92
Basco,20.45,121.97,80.62,77,27,5.03
Montgomery,39.15,-77.2,43.79,100,90,5.82
Hamilton,39.18,-84.53,43.21,65,90,10.29
Opuwo,-18.06,13.84,68.02,39,0,3.36
Koshurnikovo,54.17,93.3,22.78,93,14,2.59
Batemans Bay,-35.72,150.18,70.72,88,79,6.49
Alice Town,25.72,-79.3,79.0,79,63,20.29
Faanui,-16.48,-151.75,82.92,75,17,11.97
Chulym,55.1,80.96,21.07,90,12,6.85
Kokkola,63.84,23.13,34.86,69,90,9.17
Taboga,46.27,13.11,36.57,41,59,9.17
Mechetinskaya,46.77,40.46,41.85,66,2,6.71
Guerrero Negro,27.98,-114.06,73.51,30,100,11.99
Keti Bandar,24.14,67.45,74.14,90,1,15.05
Sīrjān,29.45,55.68,51.6,29,0,2.77
Champerico,14.3,-91.92,84.43,64,6,10.18
Sasolburg,-26.81,27.82,58.6,52,100,2.19
Dom Pedrito,-30.98,-54.67,71.13,78,39,14.97
Mehrān,33.12,46.16,50.0,71,90,6.93
Kandara,25.72,73.28,71.19,35,0,1.32
Karratha,-20.74,116.85,87.26,23,100,6.08
Aykhal,66.0,111.5,-2.2,77,99,11.18
Buba,11.58,-15.0,74.23,78,39,4.74
Mango,27.98,-82.31,78.3,78,90,9.17
Marzuq,14.4,46.47,73.17,51,77,4.18
Katobu,-4.94,122.53,76.57,92,91,10.67
Bathsheba,13.22,-59.52,82.4,58,20,13.87
Deputatsky,69.3,139.9,-1.21,83,3,1.43
Biltine,14.53,20.92,81.84,14,3,6.13
Belaya Gora,68.53,146.42,9.16,93,98,3.62
Charters Towers,-20.1,146.27,80.01,48,0,12.35
Caxito,-8.58,13.66,78.8,88,40,10.29
Nouakchott,18.09,-15.98,77.0,61,83,12.75
Inhambane,-23.86,35.38,73.42,71,1,6.78
Brae,60.4,-1.35,44.6,75,97,23.04
Avilés,43.55,-5.92,45.79,87,40,6.93
Tongliao,43.61,122.27,40.24,48,0,7.65
Gainesville,29.65,-82.32,69.17,93,90,6.93
Bandrele,-12.91,45.19,78.8,83,61,3.36
Menongue,-14.66,17.69,63.81,62,99,1.88
Assen,53.0,6.56,32.94,86,75,3.36
Lompoc,34.64,-120.46,69.31,49,78,19.46
Hanstholm,57.12,8.62,40.77,80,11,22.24
Alekseyevsk,57.84,108.35,35.83,76,100,15.9
Zhanakorgan,43.91,67.25,56.32,83,89,12.3
Nisibis,37.08,41.22,51.64,73,100,15.59
Agüimes,27.91,-15.45,65.66,77,40,5.82
La Rioja,42.25,-2.5,40.03,100,90,9.17
Port Hardy,50.7,-127.42,46.4,65,90,9.17
Vanimo,-2.67,141.3,82.69,73,100,4.09
Maumere,-8.62,122.21,83.61,66,63,2.77
Sirte,31.21,16.59,58.26,70,0,6.33
High Rock,26.62,-78.28,80.6,78,79,12.75
Jieshi,22.81,115.83,64.0,79,94,1.01
Douglas,41.3,-96.17,62.4,48,40,9.17
Gloversville,43.05,-74.34,38.23,100,1,3.36
Port-Gentil,-0.72,8.78,81.75,83,59,10.87
Portland,45.52,-122.68,48.15,70,75,4.7
Phan Thiet,10.93,108.1,78.82,77,74,6.51
Plettenberg Bay,-34.05,23.37,60.78,77,6,4.32
Burrel,41.61,20.01,42.8,87,90,9.17
Denpasar,-8.65,115.22,84.2,89,20,3.36
Khorinsk,52.17,109.77,34.59,60,23,10.67
Erdaojiang,41.78,126.03,40.53,48,8,6.02
Loralai,30.37,68.6,54.82,39,0,2.13
Chantada,42.61,-7.77,42.28,87,55,3.06
Lucapa,-8.42,20.74,67.84,72,60,0.92
Flin Flon,54.77,-101.86,21.72,95,100,10.4
Distrikt Brokopondo,4.75,-55.17,74.98,89,91,5.91
Northfield,44.46,-93.16,47.59,52,1,3.36
San Borja,-14.82,-66.85,77.76,84,83,0.47
Windhoek,-22.56,17.08,58.48,72,2,4.7
Campbell River,50.02,-125.24,44.6,93,40,2.24
Halifax,44.65,-63.57,31.39,93,90,12.75
Betūl,21.92,77.9,75.25,25,4,4.47
Hauterive,46.09,3.45,28.96,74,0,3.36
Trairi,-3.28,-39.27,80.4,83,94,8.7
Mizdah,31.45,12.98,54.66,57,0,10.31
Laas,46.62,10.7,22.44,73,5,1.74
Porto-Novo,6.5,2.6,82.4,88,40,8.05
Tessalit,20.2,1.01,73.58,14,0,6.98
Vyshkov,52.48,31.69,28.4,74,39,8.95
Innisfail,-17.53,146.03,79.0,62,68,3.0
Thinadhoo,0.53,72.93,83.1,70,91,7.96
Avera,33.19,-82.53,56.43,82,40,4.7
Shetpe,44.17,52.12,46.6,76,97,11.3
Tilichiki,60.47,166.1,20.21,91,19,7.83
Liverpool,53.41,-2.98,42.96,93,30,8.05
Banda Aceh,5.56,95.32,80.65,79,85,4.59
Terra Santa,-2.1,-56.49,75.36,95,100,2.21
Ozernovskiy,51.5,156.52,36.73,79,100,17.27
Vryheid,-27.77,30.79,61.14,58,100,4.38
Choma,-16.81,26.95,62.15,59,0,1.41
Fukuechō,32.69,128.84,51.8,93,75,19.46
